{
	"best_step": 99,
	"eval_AUROC-image": 0.628639817237854,
	"eval_AUROC-pixel": 0.8522592782974243,
	"eval_AUPRO-pixel": 0.68330317735672
}